First Name,Full Name,Email
Marco,Marco Angelo De Dios,marcoangelo.dedios@neu.edu.ph
Vem,Vem Aiensi A. Marasigan,vem.aiensi@gmail.com
Clark,Clark Belen,clark.belen@neu.edu.ph
Ma. Yalaine,Ma. Yalaine Merino,ma.yalaine.merino@neu.edu.ph
Marianne,Marianne Edic,marianne.edic@neu.edu.ph
Clark,Clark Belen,clark.belen@neu.edu.ph